{
    "loss": 4.731196403503418,
    "accuracy": 0.5035971403121948
}