{
    "loss": 2.932948350906372,
    "accuracy": 0.7553957104682922
}